#province
insert into province (name, last_update_date) values ('england', now());
insert into province (name, last_update_date) values ('american', now());
insert into province (name, last_update_date) values ('india', now());
#city
insert into city (id, province_id, name, last_update_date) values (1, 1, 'aberdeen', now());
insert into city (id, province_id, name, last_update_date) values (2, 1, 'aberystwyth', now());
insert into city (id, province_id, name, last_update_date) values (3, 1, 'bangor', now());
insert into city (id, province_id, name, last_update_date) values (4, 1, 'bath', now());
insert into city (id, province_id, name, last_update_date) values (5, 1, 'belfast', now());
insert into city (id, province_id, name, last_update_date) values (6, 1, 'birmingham', now());
insert into city (id, province_id, name, last_update_date) values (7, 1, 'bolton', now());
insert into city (id, province_id, name, last_update_date) values (8, 1, 'bournemouth', now());
insert into city (id, province_id, name, last_update_date) values (9, 1, 'bradford', now());
insert into city (id, province_id, name, last_update_date) values (10, 1, 'bridlington', now());
insert into city (id, province_id, name, last_update_date) values (11, 1, 'brighton', now());
insert into city (id, province_id, name, last_update_date) values (12, 1, 'bristol', now());
insert into city (id, province_id, name, last_update_date) values (13, 1, 'buckingham', now());
insert into city (id, province_id, name, last_update_date) values (14, 1, 'cambridge', now());
insert into city (id, province_id, name, last_update_date) values (15, 1, 'canterbury', now());
insert into city (id, province_id, name, last_update_date) values (16, 1, 'cardiff', now());
insert into city (id, province_id, name, last_update_date) values (17, 1, 'cheltenham', now());
insert into city (id, province_id, name, last_update_date) values (18, 1, 'chester', now());
insert into city (id, province_id, name, last_update_date) values (19, 1, 'chichester', now());
insert into city (id, province_id, name, last_update_date) values (20, 1, 'colchester', now());
insert into city (id, province_id, name, last_update_date) values (21, 1, 'coventry', now());
insert into city (id, province_id, name, last_update_date) values (22, 1, 'derby', now());
insert into city (id, province_id, name, last_update_date) values (23, 1, 'dundee', now());
insert into city (id, province_id, name, last_update_date) values (24, 1, 'durham', now());
insert into city (id, province_id, name, last_update_date) values (25, 1, 'edinburgh', now());
insert into city (id, province_id, name, last_update_date) values (26, 1, 'exeter', now());
insert into city (id, province_id, name, last_update_date) values (27, 1, 'falmouth', now());
insert into city (id, province_id, name, last_update_date) values (28, 1, 'gillingham', now());
insert into city (id, province_id, name, last_update_date) values (29, 1, 'glasgow', now());
insert into city (id, province_id, name, last_update_date) values (30, 1, 'hertfordshire', now());
insert into city (id, province_id, name, last_update_date) values (31, 1, 'huddersfield', now());
insert into city (id, province_id, name, last_update_date) values (32, 1, 'hull', now());
insert into city (id, province_id, name, last_update_date) values (33, 1, 'inverness', now());
insert into city (id, province_id, name, last_update_date) values (34, 1, 'keele', now());
insert into city (id, province_id, name, last_update_date) values (35, 1, 'kent', now());
insert into city (id, province_id, name, last_update_date) values (36, 1, 'kingston-upon-thames', now());
insert into city (id, province_id, name, last_update_date) values (37, 1, 'lancaster', now());
insert into city (id, province_id, name, last_update_date) values (38, 1, 'leeds', now());
insert into city (id, province_id, name, last_update_date) values (39, 1, 'leicester', now());
insert into city (id, province_id, name, last_update_date) values (40, 1, 'lincoln', now());
insert into city (id, province_id, name, last_update_date) values (41, 1, 'liverpool', now());
insert into city (id, province_id, name, last_update_date) values (42, 1, 'london', now());
insert into city (id, province_id, name, last_update_date) values (43, 1, 'loughborough', now());
insert into city (id, province_id, name, last_update_date) values (44, 1, 'luton', now());
insert into city (id, province_id, name, last_update_date) values (45, 1, 'manchester', now());
insert into city (id, province_id, name, last_update_date) values (46, 1, 'middlesbrough', now());
insert into city (id, province_id, name, last_update_date) values (47, 1, 'middlesex', now());
insert into city (id, province_id, name, last_update_date) values (48, 1, 'newcastle', now());
insert into city (id, province_id, name, last_update_date) values (49, 1, 'northampton', now());
insert into city (id, province_id, name, last_update_date) values (50, 1, 'norwich', now());
insert into city (id, province_id, name, last_update_date) values (51, 1, 'nottingham', now());
insert into city (id, province_id, name, last_update_date) values (52, 1, 'oxford', now());
insert into city (id, province_id, name, last_update_date) values (53, 1, 'oxted', now());
insert into city (id, province_id, name, last_update_date) values (54, 1, 'paisley', now());
insert into city (id, province_id, name, last_update_date) values (55, 1, 'plymouth', now());
insert into city (id, province_id, name, last_update_date) values (56, 1, 'portsmouth', now());
insert into city (id, province_id, name, last_update_date) values (57, 1, 'preston', now());
insert into city (id, province_id, name, last_update_date) values (58, 1, 'reading', now());
insert into city (id, province_id, name, last_update_date) values (59, 1, 'salford', now());
insert into city (id, province_id, name, last_update_date) values (60, 2, 'sheffield', now());
insert into city (id, province_id, name, last_update_date) values (61, 2, 'southampton', now());
insert into city (id, province_id, name, last_update_date) values (62, 2, 'st andrews', now());
insert into city (id, province_id, name, last_update_date) values (63, 2, 'staffordshire', now());
insert into city (id, province_id, name, last_update_date) values (64, 2, 'stirling', now());
insert into city (id, province_id, name, last_update_date) values (65, 2, 'stoke', now());
insert into city (id, province_id, name, last_update_date) values (66, 2, 'sunderland', now());
insert into city (id, province_id, name, last_update_date) values (67, 2, 'surrey', now());
insert into city (id, province_id, name, last_update_date) values (68, 2, 'swansea', now());
insert into city (id, province_id, name, last_update_date) values (69, 2, 'winchester', now());
insert into city (id, province_id, name, last_update_date) values (70, 2, 'wolverhampton', now());
insert into city (id, province_id, name, last_update_date) values (71, 2, 'worcester', now());
insert into city (id, province_id, name, last_update_date) values (72, 2, 'wrexham', now());
insert into city (id, province_id, name, last_update_date) values (73, 2, 'york', now());
insert into city (id, province_id, name, last_update_date) values (74, 2, 'coleraine', now());
insert into city (id, province_id, name, last_update_date) values (75, 2, 'newtownabbey', now());
insert into city (id, province_id, name, last_update_date) values (76, 2, 'londonderry', now());
insert into city (id, province_id, name, last_update_date) values (77, 2, 'stratford', now());
insert into city (id, province_id, name, last_update_date) values (78, 2, 'eastbourne', now());
insert into city (id, province_id, name, last_update_date) values (79, 2, 'hastings', now());
insert into city (id, province_id, name, last_update_date) values (80, 2, 'gloucester', now());
insert into city (id, province_id, name, last_update_date) values (81, 2, 'high wycombe', now());
insert into city (id, province_id, name, last_update_date) values (82, 2, 'uxbridge', now());
insert into city (id, province_id, name, last_update_date) values (83, 2, 'chelmsford', now());
insert into city (id, province_id, name, last_update_date) values (84, 2, 'peterborough', now());
insert into city (id, province_id, name, last_update_date) values (85, 2, 'broadstairs', now());
insert into city (id, province_id, name, last_update_date) values (86, 2, 'chatham', now());
insert into city (id, province_id, name, last_update_date) values (87, 2, 'tunbridge wells', now());
insert into city (id, province_id, name, last_update_date) values (88, 2, 'epsom', now());
insert into city (id, province_id, name, last_update_date) values (89, 2, 'farnham', now());
insert into city (id, province_id, name, last_update_date) values (90, 2, 'maidstone', now());
insert into city (id, province_id, name, last_update_date) values (91, 2, 'rochester', now());
insert into city (id, province_id, name, last_update_date) values (92, 2, 'warrington', now());
insert into city (id, province_id, name, last_update_date) values (93, 2, 'bognor regis', now());
insert into city (id, province_id, name, last_update_date) values (94, 2, 'loughton', now());
insert into city (id, province_id, name, last_update_date) values (95, 2, 'southend-on-sea', now());
insert into city (id, province_id, name, last_update_date) values (96, 2, 'buxton', now());
insert into city (id, province_id, name, last_update_date) values (97, 2, 'chesterfield', now());
insert into city (id, province_id, name, last_update_date) values (98, 2, 'stockton-on-tees', now());
insert into city (id, province_id, name, last_update_date) values (99, 2, 'selkirkshire', now());
insert into city (id, province_id, name, last_update_date) values (100, 3, 'stromness', now());
insert into city (id, province_id, name, last_update_date) values (101, 3, 'penryn', now());
insert into city (id, province_id, name, last_update_date) values (102, 3, 'truro', now());
insert into city (id, province_id, name, last_update_date) values (103, 3, 'dumfries', now());
insert into city (id, province_id, name, last_update_date) values (104, 3, 'hatfield', now());
insert into city (id, province_id, name, last_update_date) values (105, 3, 'scarborough', now());
insert into city (id, province_id, name, last_update_date) values (106, 3, 'tonbridge', now());
insert into city (id, province_id, name, last_update_date) values (107, 3, 'barrow-in-furness', now());
insert into city (id, province_id, name, last_update_date) values (108, 3, 'egham', now());
insert into city (id, province_id, name, last_update_date) values (109, 3, 'harrow', now());
insert into city (id, province_id, name, last_update_date) values (110, 3, 'brentford', now());
insert into city (id, province_id, name, last_update_date) values (111, 3, 'ascot', now());
insert into city (id, province_id, name, last_update_date) values (112, 3, 'bedford', now());
insert into city (id, province_id, name, last_update_date) values (113, 3, 'milton keynes', now());
insert into city (id, province_id, name, last_update_date) values (114, 3, 'darlington', now());
insert into city (id, province_id, name, last_update_date) values (115, 3, 'southwell', now());
insert into city (id, province_id, name, last_update_date) values (116, 3, 'lancashire', now());
insert into city (id, province_id, name, last_update_date) values (117, 3, 'hamilton', now());
insert into city (id, province_id, name, last_update_date) values (118, 3, 'cumbria', now());
insert into city (id, province_id, name, last_update_date) values (119, 3, 'lichfield', now());
insert into city (id, province_id, name, last_update_date) values (120, 3, 'shrewsbury', now());
insert into city (id, province_id, name, last_update_date) values (121, 3, 'stornoway', now());
insert into city (id, province_id, name, last_update_date) values (122, 3, 'flintshire', now());
insert into city (id, province_id, name, last_update_date) values (123, 3, 'newport', now());
insert into city (id, province_id, name, last_update_date) values (124, 3, 'medway', now());
#school
insert into school (name, province_id, city_id, last_update_date) values('aberdeen school', 1, 1, now());
insert into school (name, province_id, city_id, last_update_date) values('bath school', 1, 1, now());
insert into school (name, province_id, city_id, last_update_date) values('belfast school', 1, 1, now());
insert into school (name, province_id, city_id, last_update_date) values('coventry school', 1, 1, now());
insert into school (name, province_id, city_id, last_update_date) values('durham school', 1, 1, now());
insert into school (name, province_id, city_id, last_update_date) values('gillingham school', 1, 1, now());
insert into school (name, province_id, city_id, last_update_date) values('glasgow school', 1, 1, now());
insert into school (name, province_id, city_id, last_update_date) values('inverness school', 1, 1, now());
insert into school (name, province_id, city_id, last_update_date) values('kent school', 1, 1, now());
insert into school (name, province_id, city_id, last_update_date) values('luton school', 1, 1, now());
insert into school (name, province_id, city_id, last_update_date) values('bedford school', 1, 2, now());
insert into school (name, province_id, city_id, last_update_date) values('southwell school', 1, 2, now());
insert into school (name, province_id, city_id, last_update_date) values('hatfield school', 1, 2, now());
insert into school (name, province_id, city_id, last_update_date) values('cumbria school', 1, 2, now());
insert into school (name, province_id, city_id, last_update_date) values('flintshire school', 1, 2, now());
insert into school (name, province_id, city_id, last_update_date) values('medway school', 1, 2, now());
insert into school (name, province_id, city_id, last_update_date) values('stromness school', 1, 3, now());
insert into school (name, province_id, city_id, last_update_date) values('loughton school', 1, 3, now());
insert into school (name, province_id, city_id, last_update_date) values('gloucester school', 1, 3, now());
insert into school (name, province_id, city_id, last_update_date) values('medway school', 1, 3, now());
insert into school (name, province_id, city_id, last_update_date) values('eastbourne school', 1, 3, now());
insert into school (name, province_id, city_id, last_update_date) values('plymouth school', 1, 3, now());
#class
insert into class (grade, class, school_id, head_teacher_id, last_update_date) values('2015', '1', 1, 1, now());
insert into class (grade, class, school_id, head_teacher_id, last_update_date) values('2015', '2', 1, 2, now());
insert into class (grade, class, school_id, head_teacher_id, last_update_date) values('2015', '3', 1, 3, now());
insert into class (grade, class, school_id, head_teacher_id, last_update_date) values('2015', '4', 1, 4, now());
insert into class (grade, class, school_id, head_teacher_id, last_update_date) values('2015', '5', 1, 1, now());
insert into class (grade, class, school_id, head_teacher_id, last_update_date) values('2014', '1', 1, 1, now());
insert into class (grade, class, school_id, head_teacher_id, last_update_date) values('2014', '2', 1, 1, now());
insert into class (grade, class, school_id, head_teacher_id, last_update_date) values('2014', '3', 1, 1, now());
insert into class (grade, class, school_id, head_teacher_id, last_update_date) values('2014', '4', 1, 1, now());
insert into class (grade, class, school_id, head_teacher_id, last_update_date) values('2014', '5', 1, 1, now());
insert into class (grade, class, school_id, head_teacher_id, last_update_date) values('2015', '1', 2, 2, now());
insert into class (grade, class, school_id, head_teacher_id, last_update_date) values('2015', '2', 2, 2, now());
insert into class (grade, class, school_id, head_teacher_id, last_update_date) values('2015', '3', 2, 2, now());
insert into class (grade, class, school_id, head_teacher_id, last_update_date) values('2015', '4', 2, 2, now());
insert into class (grade, class, school_id, head_teacher_id, last_update_date) values('2015', '5', 2, 2, now());
insert into class (grade, class, school_id, head_teacher_id, last_update_date) values('2014', '1', 2, 2, now());
insert into class (grade, class, school_id, head_teacher_id, last_update_date) values('2014', '2', 2, 2, now());
insert into class (grade, class, school_id, head_teacher_id, last_update_date) values('2014', '3', 2, 2, now());
insert into class (grade, class, school_id, head_teacher_id, last_update_date) values('2014', '4', 2, 2, now());
insert into class (grade, class, school_id, head_teacher_id, last_update_date) values('2014', '5', 2, 2, now());
insert into class (grade, class, school_id, head_teacher_id, last_update_date) values('2015', '1', 3, 3, now());
insert into class (grade, class, school_id, head_teacher_id, last_update_date) values('2015', '2', 3, 3, now());
insert into class (grade, class, school_id, head_teacher_id, last_update_date) values('2015', '3', 3, 3, now());
insert into class (grade, class, school_id, head_teacher_id, last_update_date) values('2015', '4', 3, 3, now());
insert into class (grade, class, school_id, head_teacher_id, last_update_date) values('2015', '5', 3, 3, now());
insert into class (grade, class, school_id, head_teacher_id, last_update_date) values('2014', '1', 3, 3, now());
insert into class (grade, class, school_id, head_teacher_id, last_update_date) values('2014', '2', 3, 3, now());
insert into class (grade, class, school_id, head_teacher_id, last_update_date) values('2014', '3', 3, 3, now());
insert into class (grade, class, school_id, head_teacher_id, last_update_date) values('2014', '4', 3, 3, now());
insert into class (grade, class, school_id, head_teacher_id, last_update_date) values('2014', '5', 3, 3, now());
insert into class (grade, class, school_id, head_teacher_id, last_update_date) values('2015', '1', 4, 4, now());
insert into class (grade, class, school_id, head_teacher_id, last_update_date) values('2015', '2', 4, 4, now());
insert into class (grade, class, school_id, head_teacher_id, last_update_date) values('2015', '3', 4, 4, now());
insert into class (grade, class, school_id, head_teacher_id, last_update_date) values('2015', '4', 4, 4, now());
insert into class (grade, class, school_id, head_teacher_id, last_update_date) values('2015', '5', 4, 4, now());
insert into class (grade, class, school_id, head_teacher_id, last_update_date) values('2014', '1', 4, 4, now());
insert into class (grade, class, school_id, head_teacher_id, last_update_date) values('2014', '2', 4, 4, now());
insert into class (grade, class, school_id, head_teacher_id, last_update_date) values('2014', '3', 4, 4, now());
insert into class (grade, class, school_id, head_teacher_id, last_update_date) values('2014', '4', 4, 4, now());
insert into class (grade, class, school_id, head_teacher_id, last_update_date) values('2014', '5', 4, 4, now());
#teacher profile
INSERT INTO profile(id, name, phone, password, last_update_date, salt) values(1, 'teacher1', '15888888881', 'f2989ae3cba57770a8f7993fe4bf473d', '2015-05-16', '15888888881');
INSERT INTO profile(id, name, phone, password, last_update_date, salt) values(2, 'teacher2', '15888888882', '3b04265a4865459ebefb2fd981b5b61f', '2015-05-16', '15888888882');
INSERT INTO profile(id, name, phone, password, last_update_date, salt) values(3, 'teacher3', '15888888883', '44afe89a6e0b8e23bc1348c83e740caf', '2015-05-16', '15888888883');
INSERT INTO profile(id, name, phone, password, last_update_date, salt) values(4, 'teacher4', '15888888884', '70dda7f33f252ea837c6b3b9dee7b5eb', '2015-05-16', '15888888884');
INSERT INTO profile(id, name, phone, password, last_update_date, salt) values(5, 'teacher5', '15888888885', '9fb133ccb7debdb6af5850843340835b', '2015-05-16', '15888888885');
INSERT INTO profile(id, name, phone, password, last_update_date, salt) values(6, 'teacher6', '15888888886', '704c0bb230f4e3b9a62fd94da14c7301', '2015-05-16', '15888888886');
INSERT INTO profile(id, name, phone, password, last_update_date, salt) values(7, 'teacher7', '15888888887', '5fd1c2dbef9761e6786af9954537ae67', '2015-05-16', '15888888887');
INSERT INTO profile(id, name, phone, password, last_update_date, salt) values(8, 'teacher8', '15888888888', '69e9e45cc51932eb89b5677d59fd99f2', '2015-05-16', '15888888888');
INSERT INTO profile(id, name, phone, password, last_update_date, salt) values(9, 'teacher9', '15888888889', 'ef8fe225c780f8303a44971bca59cbc4', '2015-05-16', '15888888889');
#teacher
INSERT INTO teacher(profile_id, school_id, sex, head_teacher, initialized, resume, birth, course) values(1, 1, 1, 1, 1, 'Good Teacher1', '1970-03-04', 'Math');
INSERT INTO teacher(profile_id, school_id, sex, head_teacher, initialized, resume, birth, course) values(2, 1, 0, 1, 1, 'Good Teacher2', '1970-03-05', 'Nature');
INSERT INTO teacher(profile_id, school_id, sex, head_teacher, initialized, resume, birth, course) values(3, 1, 0, 1, 1, 'Good Teacher3', '1970-03-06', 'Chinese');
INSERT INTO teacher(profile_id, school_id, sex, head_teacher, initialized, resume, birth, course) values(4, 1, 1, 1, 0, 'Good Teacher4', '1970-03-07', 'English');
INSERT INTO teacher(profile_id, school_id, sex, head_teacher, initialized, resume, birth, course) values(5, 1, 1, 1, 1, 'Good Teacher5', '1970-03-08', 'English');
INSERT INTO teacher(profile_id, school_id, sex, head_teacher, initialized, resume, birth, course) values(6, 1, 0, 1, 1, 'Good Teacher6', '1970-03-09', 'Physics');
INSERT INTO teacher(profile_id, school_id, sex, head_teacher, initialized, resume, birth, course) values(7, 1, 0, 1, 1, 'Good Teacher7', '1970-03-10', 'Chemistry');
INSERT INTO teacher(profile_id, school_id, sex, head_teacher, initialized, resume, birth, course) values(8, 1, 1, 1, 0, 'Good Teacher8', '1970-03-11', 'CS');
INSERT INTO teacher(profile_id, school_id, sex, head_teacher, initialized, resume, birth, course) values(9, 1, 1, 1, 0, 'Good Teacher9', '1970-03-12', 'Philosophy');
#teacher class mapping
INSERT INTO teacher_class_map(teacher_id, class_id, sub_title, head_teacher, last_update_date) values(1, 1, 'Math',    1, '2015-05-16');
INSERT INTO teacher_class_map(teacher_id, class_id, sub_title, head_teacher, last_update_date) values(2, 2, 'Nature',  1, '2015-05-16');
INSERT INTO teacher_class_map(teacher_id, class_id, sub_title, head_teacher, last_update_date) values(3, 3, 'Chinese', 1, '2015-05-16');
INSERT INTO teacher_class_map(teacher_id, class_id, sub_title, head_teacher, last_update_date) values(4, 4, 'English', 1, '2015-05-16');

#news
INSERT INTO `fmc_edu`.`news` (`author`,`subject`,`content`,`news_type`,`ref_id`,`approved`,`approved_by`,`approve_date`,`like`,`publish_date`,`creation_date`,`last_update_date`) VALUES (1,'test2','test content',1,1,1,1,now(),10,now(),now(),now());
INSERT INTO `fmc_edu`.`news` (`author`,`subject`,`content`,`news_type`,`ref_id`,`approved`,`approved_by`,`approve_date`,`like`,`publish_date`,`creation_date`,`last_update_date`) VALUES (1,'test3','test content',1,1,1,1,now(),10,now(),now(),now());
INSERT INTO `fmc_edu`.`news` (`author`,`subject`,`content`,`news_type`,`ref_id`,`approved`,`approved_by`,`approve_date`,`like`,`publish_date`,`creation_date`,`last_update_date`) VALUES (1,'test4','test content',2,1,1,1,now(),10,now(),now(),now());
INSERT INTO `fmc_edu`.`news` (`author`,`subject`,`content`,`news_type`,`ref_id`,`approved`,`approved_by`,`approve_date`,`like`,`publish_date`,`creation_date`,`last_update_date`) VALUES (1,'test5','test content',1,1,1,1,now(),10,now(),now(),now());
INSERT INTO `fmc_edu`.`news` (`author`,`subject`,`content`,`news_type`,`ref_id`,`approved`,`approved_by`,`approve_date`,`like`,`publish_date`,`creation_date`,`last_update_date`) VALUES (1,'test6','test content',2,1,1,1,now(),10,now(),now(),now());
INSERT INTO `fmc_edu`.`news` (`author`,`subject`,`content`,`news_type`,`ref_id`,`approved`,`approved_by`,`approve_date`,`like`,`publish_date`,`creation_date`,`last_update_date`) VALUES (1,'test7','test content',1,1,1,1,now(),10,now(),now(),now());
INSERT INTO `fmc_edu`.`news` (`author`,`subject`,`content`,`news_type`,`ref_id`,`approved`,`approved_by`,`approve_date`,`like`,`publish_date`,`creation_date`,`last_update_date`) VALUES (1,'test8','test content',3,1,1,1,now(),10,now(),now(),now());
INSERT INTO `fmc_edu`.`news` (`author`,`subject`,`content`,`news_type`,`ref_id`,`approved`,`approved_by`,`approve_date`,`like`,`publish_date`,`creation_date`,`last_update_date`) VALUES (1,'test9','test content',1,1,1,1,now(),10,now(),now(),now());
INSERT INTO `fmc_edu`.`news` (`author`,`subject`,`content`,`news_type`,`ref_id`,`approved`,`approved_by`,`approve_date`,`like`,`publish_date`,`creation_date`,`last_update_date`) VALUES (1,'test10','test content',3,1,1,1,now(),10,now(),now(),now());
INSERT INTO `fmc_edu`.`news` (`author`,`subject`,`content`,`news_type`,`ref_id`,`approved`,`approved_by`,`approve_date`,`like`,`publish_date`,`creation_date`,`last_update_date`) VALUES (1,'test11','test content',1,1,1,1,now(),10,now(),now(),now());
INSERT INTO `fmc_edu`.`news` (`author`,`subject`,`content`,`news_type`,`ref_id`,`approved`,`approved_by`,`approve_date`,`like`,`publish_date`,`creation_date`,`last_update_date`) VALUES (1,'test12','test content',4,1,1,1,now(),10,now(),now(),now());
INSERT INTO `fmc_edu`.`news` (`author`,`subject`,`content`,`news_type`,`ref_id`,`approved`,`approved_by`,`approve_date`,`like`,`publish_date`,`creation_date`,`last_update_date`) VALUES (1,'test13','test content',1,1,1,1,now(),10,now(),now(),now());
INSERT INTO `fmc_edu`.`news` (`author`,`subject`,`content`,`news_type`,`ref_id`,`approved`,`approved_by`,`approve_date`,`like`,`publish_date`,`creation_date`,`last_update_date`) VALUES (1,'test14','test content',4,1,1,1,now(),10,now(),now(),now());
INSERT INTO `fmc_edu`.`news` (`author`,`subject`,`content`,`news_type`,`ref_id`,`approved`,`approved_by`,`approve_date`,`like`,`publish_date`,`creation_date`,`last_update_date`) VALUES (1,'test15','test content',1,1,1,1,now(),10,now(),now(),now());
INSERT INTO `fmc_edu`.`news` (`author`,`subject`,`content`,`news_type`,`ref_id`,`approved`,`approved_by`,`approve_date`,`like`,`publish_date`,`creation_date`,`last_update_date`) VALUES (1,'test16','test content',3,1,1,1,now(),10,now(),now(),now());
INSERT INTO `fmc_edu`.`news` (`author`,`subject`,`content`,`news_type`,`ref_id`,`approved`,`approved_by`,`approve_date`,`like`,`publish_date`,`creation_date`,`last_update_date`) VALUES (1,'test17','test content',2,1,1,1,now(),10,now(),now(),now());
INSERT INTO `fmc_edu`.`news` (`author`,`subject`,`content`,`news_type`,`ref_id`,`approved`,`approved_by`,`approve_date`,`like`,`publish_date`,`creation_date`,`last_update_date`) VALUES (1,'test18','test content',4,1,1,1,now(),10,now(),now(),now());
INSERT INTO `fmc_edu`.`news` (`author`,`subject`,`content`,`news_type`,`ref_id`,`approved`,`approved_by`,`approve_date`,`like`,`publish_date`,`creation_date`,`last_update_date`) VALUES (1,'test19','test content',1,1,1,1,now(),10,now(),now(),now());

INSERT INTO `fmc_edu`.`image` (`news_id`,`img_name`,`img_path`,`creation_date`,`last_update_date`) VALUES (1,'1432457741730.jpg','1/',now(),now());
INSERT INTO `fmc_edu`.`image` (`news_id`,`img_name`,`img_path`,`creation_date`,`last_update_date`) VALUES (2,'1432464255300.jpg','1/',now(),now());
INSERT INTO `fmc_edu`.`image` (`news_id`,`img_name`,`img_path`,`creation_date`,`last_update_date`) VALUES (3,'1432457741730.jpg','1/',now(),now());
INSERT INTO `fmc_edu`.`image` (`news_id`,`img_name`,`img_path`,`creation_date`,`last_update_date`) VALUES (3,'1432464255300.jpg','1/',now(),now());
INSERT INTO `fmc_edu`.`image` (`news_id`,`img_name`,`img_path`,`creation_date`,`last_update_date`) VALUES (5,'1432457741730.jpg','1/',now(),now());
INSERT INTO `fmc_edu`.`image` (`news_id`,`img_name`,`img_path`,`creation_date`,`last_update_date`) VALUES (3,'1432460250312.jpg','1/',now(),now());
INSERT INTO `fmc_edu`.`image` (`news_id`,`img_name`,`img_path`,`creation_date`,`last_update_date`) VALUES (7,'1432457741730.jpg','1/',now(),now());
INSERT INTO `fmc_edu`.`image` (`news_id`,`img_name`,`img_path`,`creation_date`,`last_update_date`) VALUES (8,'1432460250312.jpg','1/',now(),now());
INSERT INTO `fmc_edu`.`image` (`news_id`,`img_name`,`img_path`,`creation_date`,`last_update_date`) VALUES (9,'1432457741730.jpg','1/',now(),now());
INSERT INTO `fmc_edu`.`image` (`news_id`,`img_name`,`img_path`,`creation_date`,`last_update_date`) VALUES (10,'1432460250287.jpg','1/',now(),now());
INSERT INTO `fmc_edu`.`image` (`news_id`,`img_name`,`img_path`,`creation_date`,`last_update_date`) VALUES (9,'1432457741730.jpg','1/',now(),now());
INSERT INTO `fmc_edu`.`image` (`news_id`,`img_name`,`img_path`,`creation_date`,`last_update_date`) VALUES (12,'1432460250287.jpg','1/',now(),now());
INSERT INTO `fmc_edu`.`image` (`news_id`,`img_name`,`img_path`,`creation_date`,`last_update_date`) VALUES (13,'1432457741730.jpg','1/',now(),now());

INSERT INTO `slide` (`subject`,`news_id`,`profile_id`,`img_name`,`img_path`,`order`,`start_date`,`end_date`,`available`,`creation_date`,`last_update_date`) VALUES ('slide subject 1',1,1,'1432460250272.jpg','',0,now(),now(),1,now(),now());
INSERT INTO `slide` (`subject`,`news_id`,`profile_id`,`img_name`,`img_path`,`order`,`start_date`,`end_date`,`available`,`creation_date`,`last_update_date`) VALUES ('slide subject 2',2,1,'1432460250287.jpg','',0,now(),now(),1,now(),now());
INSERT INTO `slide` (`subject`,`news_id`,`profile_id`,`img_name`,`img_path`,`order`,`start_date`,`end_date`,`available`,`creation_date`,`last_update_date`) VALUES ('slide subject 3',3,1,'1432464255300.jpg','',0,now(),now(),1,now(),now());
INSERT INTO `slide` (`subject`,`news_id`,`profile_id`,`img_name`,`img_path`,`order`,`start_date`,`end_date`,`available`,`creation_date`,`last_update_date`) VALUES ('slide subject 4',3,1,'1432464713028.jpg','',0,now(),now(),1,now(),now());