INSERT INTO `province` (`id`, `name`, `last_update_date`) VALUES ('1', '北京市', now());
INSERT INTO `province` (`id`, `name`, `last_update_date`) VALUES ('2', '天津市', now());
INSERT INTO `province` (`id`, `name`, `last_update_date`) VALUES ('3', '河北省', now());
INSERT INTO `province` (`id`, `name`, `last_update_date`) VALUES ('4', '山西省', now());
INSERT INTO `province` (`id`, `name`, `last_update_date`) VALUES ('5', '内蒙古自治区', now());
INSERT INTO `province` (`id`, `name`, `last_update_date`) VALUES ('6', '辽宁省', now());
INSERT INTO `province` (`id`, `name`, `last_update_date`) VALUES ('7', '吉林省', now());
INSERT INTO `province` (`id`, `name`, `last_update_date`) VALUES ('8', '黑龙江省', now());
INSERT INTO `province` (`id`, `name`, `last_update_date`) VALUES ('9', '上海市', now());
INSERT INTO `province` (`id`, `name`, `last_update_date`) VALUES ('10', '江苏省', now());
INSERT INTO `province` (`id`, `name`, `last_update_date`) VALUES ('11', '浙江省', now());
INSERT INTO `province` (`id`, `name`, `last_update_date`) VALUES ('12', '安徽省', now());
INSERT INTO `province` (`id`, `name`, `last_update_date`) VALUES ('13', '福建省', now());
INSERT INTO `province` (`id`, `name`, `last_update_date`) VALUES ('14', '江西省', now());
INSERT INTO `province` (`id`, `name`, `last_update_date`) VALUES ('15', '山东省', now());
INSERT INTO `province` (`id`, `name`, `last_update_date`) VALUES ('16', '河南省', now());
INSERT INTO `province` (`id`, `name`, `last_update_date`) VALUES ('17', '湖北省', now());
INSERT INTO `province` (`id`, `name`, `last_update_date`) VALUES ('18', '湖南省', now());
INSERT INTO `province` (`id`, `name`, `last_update_date`) VALUES ('19', '广东省', now());
INSERT INTO `province` (`id`, `name`, `last_update_date`) VALUES ('20', '广西壮族自治区', now());
INSERT INTO `province` (`id`, `name`, `last_update_date`) VALUES ('21', '海南省', now());
INSERT INTO `province` (`id`, `name`, `last_update_date`) VALUES ('22', '重庆市', now());
INSERT INTO `province` (`id`, `name`, `last_update_date`) VALUES ('23', '四川省', now());
INSERT INTO `province` (`id`, `name`, `last_update_date`) VALUES ('24', '贵州省', now());
INSERT INTO `province` (`id`, `name`, `last_update_date`) VALUES ('25', '云南省', now());
INSERT INTO `province` (`id`, `name`, `last_update_date`) VALUES ('26', '西藏自治区', now());
INSERT INTO `province` (`id`, `name`, `last_update_date`) VALUES ('27', '陕西省', now());
INSERT INTO `province` (`id`, `name`, `last_update_date`) VALUES ('28', '甘肃省', now());
INSERT INTO `province` (`id`, `name`, `last_update_date`) VALUES ('29', '青海省', now());
INSERT INTO `province` (`id`, `name`, `last_update_date`) VALUES ('30', '宁夏回族自治区', now());
INSERT INTO `province` (`id`, `name`, `last_update_date`) VALUES ('31', '新疆维吾尔自治区', now());
INSERT INTO `province` (`id`, `name`, `last_update_date`) VALUES ('32', '台湾省', now());
INSERT INTO `province` (`id`, `name`, `last_update_date`) VALUES ('33', '香港特别行政区', now());
INSERT INTO `province` (`id`, `name`, `last_update_date`) VALUES ('34', '澳门特别行政区', now());

INSERT INTO  `city` (`province_id`, `name`, `last_update_date`) VALUES ('1', '北京市辖区', now());
INSERT INTO  `city` (`province_id`, `name`, `last_update_date`) VALUES ('2', '天津市辖区', now());
INSERT INTO  `city` (`province_id`, `name`, `last_update_date`) VALUES ('3', '石家庄市', now());
INSERT INTO  `city` (`province_id`, `name`, `last_update_date`) VALUES ('3', '唐山市', now());
INSERT INTO  `city` (`province_id`, `name`, `last_update_date`) VALUES ('3', '秦皇岛市', now());
INSERT INTO  `city` (`province_id`, `name`, `last_update_date`) VALUES ('3', '邯郸市', now());
INSERT INTO  `city` (`province_id`, `name`, `last_update_date`) VALUES ('3', '邢台市', now());
INSERT INTO  `city` (`province_id`, `name`, `last_update_date`) VALUES ('3', '保定市', now());
INSERT INTO  `city` (`province_id`, `name`, `last_update_date`) VALUES ('3', '张家口市', now());
INSERT INTO  `city` (`province_id`, `name`, `last_update_date`) VALUES ('3', '承德市', now());
INSERT INTO  `city` (`province_id`, `name`, `last_update_date`) VALUES ('3', '沧州市', now());
INSERT INTO  `city` (`province_id`, `name`, `last_update_date`) VALUES ('3', '廊坊市', now());
INSERT INTO  `city` (`province_id`, `name`, `last_update_date`) VALUES ('3', '衡水市', now());
INSERT INTO  `city` (`province_id`, `name`, `last_update_date`) VALUES ('4', '太原市', now());
INSERT INTO  `city` (`province_id`, `name`, `last_update_date`) VALUES ('4', '大同市', now());
INSERT INTO  `city` (`province_id`, `name`, `last_update_date`) VALUES ('4', '阳泉市', now());
INSERT INTO  `city` (`province_id`, `name`, `last_update_date`) VALUES ('4', '长治市', now());
INSERT INTO  `city` (`province_id`, `name`, `last_update_date`) VALUES ('4', '晋城市', now());
INSERT INTO  `city` (`province_id`, `name`, `last_update_date`) VALUES ('4', '朔州市', now());
INSERT INTO  `city` (`province_id`, `name`, `last_update_date`) VALUES ('4', '晋中市', now());
INSERT INTO  `city` (`province_id`, `name`, `last_update_date`) VALUES ('4', '运城市', now());
INSERT INTO  `city` (`province_id`, `name`, `last_update_date`) VALUES ('4', '忻州市', now());
INSERT INTO  `city` (`province_id`, `name`, `last_update_date`) VALUES ('4', '临汾市', now());
INSERT INTO  `city` (`province_id`, `name`, `last_update_date`) VALUES ('4', '吕梁市', now());
INSERT INTO  `city` (`province_id`, `name`, `last_update_date`) VALUES ('5', '呼和浩特市', now());
INSERT INTO  `city` (`province_id`, `name`, `last_update_date`) VALUES ('5', '包头市', now());
INSERT INTO  `city` (`province_id`, `name`, `last_update_date`) VALUES ('5', '乌海市', now());
INSERT INTO  `city` (`province_id`, `name`, `last_update_date`) VALUES ('5', '赤峰市', now());
INSERT INTO  `city` (`province_id`, `name`, `last_update_date`) VALUES ('5', '通辽市', now());
INSERT INTO  `city` (`province_id`, `name`, `last_update_date`) VALUES ('5', '鄂尔多斯市', now());
INSERT INTO  `city` (`province_id`, `name`, `last_update_date`) VALUES ('5', '呼伦贝尔市', now());
INSERT INTO  `city` (`province_id`, `name`, `last_update_date`) VALUES ('5', '巴彦淖尔市', now());
INSERT INTO  `city` (`province_id`, `name`, `last_update_date`) VALUES ('5', '乌兰察布市', now());
INSERT INTO  `city` (`province_id`, `name`, `last_update_date`) VALUES ('5', '兴安盟', now());
INSERT INTO  `city` (`province_id`, `name`, `last_update_date`) VALUES ('5', '锡林郭勒盟', now());
INSERT INTO  `city` (`province_id`, `name`, `last_update_date`) VALUES ('5', '阿拉善盟', now());
INSERT INTO  `city` (`province_id`, `name`, `last_update_date`) VALUES ('6', '沈阳市', now());
INSERT INTO  `city` (`province_id`, `name`, `last_update_date`) VALUES ('6', '大连市', now());
INSERT INTO  `city` (`province_id`, `name`, `last_update_date`) VALUES ('6', '鞍山市', now());
INSERT INTO  `city` (`province_id`, `name`, `last_update_date`) VALUES ('6', '抚顺市', now());
INSERT INTO  `city` (`province_id`, `name`, `last_update_date`) VALUES ('6', '本溪市', now());
INSERT INTO  `city` (`province_id`, `name`, `last_update_date`) VALUES ('6', '丹东市', now());
INSERT INTO  `city` (`province_id`, `name`, `last_update_date`) VALUES ('6', '锦州市', now());
INSERT INTO  `city` (`province_id`, `name`, `last_update_date`) VALUES ('6', '营口市', now());
INSERT INTO  `city` (`province_id`, `name`, `last_update_date`) VALUES ('6', '阜新市', now());
INSERT INTO  `city` (`province_id`, `name`, `last_update_date`) VALUES ('6', '辽阳市', now());
INSERT INTO  `city` (`province_id`, `name`, `last_update_date`) VALUES ('6', '盘锦市', now());
INSERT INTO  `city` (`province_id`, `name`, `last_update_date`) VALUES ('6', '铁岭市', now());
INSERT INTO  `city` (`province_id`, `name`, `last_update_date`) VALUES ('6', '朝阳市', now());
INSERT INTO  `city` (`province_id`, `name`, `last_update_date`) VALUES ('6', '葫芦岛市', now());
INSERT INTO  `city` (`province_id`, `name`, `last_update_date`) VALUES ('7', '长春市', now());
INSERT INTO  `city` (`province_id`, `name`, `last_update_date`) VALUES ('7', '吉林市', now());
INSERT INTO  `city` (`province_id`, `name`, `last_update_date`) VALUES ('7', '四平市', now());
INSERT INTO  `city` (`province_id`, `name`, `last_update_date`) VALUES ('7', '辽源市', now());
INSERT INTO  `city` (`province_id`, `name`, `last_update_date`) VALUES ('7', '通化市', now());
INSERT INTO  `city` (`province_id`, `name`, `last_update_date`) VALUES ('7', '白山市', now());
INSERT INTO  `city` (`province_id`, `name`, `last_update_date`) VALUES ('7', '松原市', now());
INSERT INTO  `city` (`province_id`, `name`, `last_update_date`) VALUES ('7', '白城市', now());
INSERT INTO  `city` (`province_id`, `name`, `last_update_date`) VALUES ('7', '延边朝鲜族自治州', now());
INSERT INTO  `city` (`province_id`, `name`, `last_update_date`) VALUES ('8', '哈尔滨市', now());
INSERT INTO  `city` (`province_id`, `name`, `last_update_date`) VALUES ('8', '齐齐哈尔市', now());
INSERT INTO  `city` (`province_id`, `name`, `last_update_date`) VALUES ('8', '鸡西市', now());
INSERT INTO  `city` (`province_id`, `name`, `last_update_date`) VALUES ('8', '鹤岗市', now());
INSERT INTO  `city` (`province_id`, `name`, `last_update_date`) VALUES ('8', '双鸭山市', now());
INSERT INTO  `city` (`province_id`, `name`, `last_update_date`) VALUES ('8', '大庆市', now());
INSERT INTO  `city` (`province_id`, `name`, `last_update_date`) VALUES ('8', '伊春市', now());
INSERT INTO  `city` (`province_id`, `name`, `last_update_date`) VALUES ('8', '佳木斯市', now());
INSERT INTO  `city` (`province_id`, `name`, `last_update_date`) VALUES ('8', '七台河市', now());
INSERT INTO  `city` (`province_id`, `name`, `last_update_date`) VALUES ('8', '牡丹江市', now());
INSERT INTO  `city` (`province_id`, `name`, `last_update_date`) VALUES ('8', '黑河市', now());
INSERT INTO  `city` (`province_id`, `name`, `last_update_date`) VALUES ('8', '绥化市', now());
INSERT INTO  `city` (`province_id`, `name`, `last_update_date`) VALUES ('8', '大兴安岭地区', now());
INSERT INTO  `city` (`province_id`, `name`, `last_update_date`) VALUES ('9', '上海市辖区', now());
INSERT INTO  `city` (`province_id`, `name`, `last_update_date`) VALUES ('10', '南京市', now());
INSERT INTO  `city` (`province_id`, `name`, `last_update_date`) VALUES ('10', '无锡市', now());
INSERT INTO  `city` (`province_id`, `name`, `last_update_date`) VALUES ('10', '徐州市', now());
INSERT INTO  `city` (`province_id`, `name`, `last_update_date`) VALUES ('10', '常州市', now());
INSERT INTO  `city` (`province_id`, `name`, `last_update_date`) VALUES ('10', '苏州市', now());
INSERT INTO  `city` (`province_id`, `name`, `last_update_date`) VALUES ('10', '南通市', now());
INSERT INTO  `city` (`province_id`, `name`, `last_update_date`) VALUES ('10', '连云港市', now());
INSERT INTO  `city` (`province_id`, `name`, `last_update_date`) VALUES ('10', '淮安市', now());
INSERT INTO  `city` (`province_id`, `name`, `last_update_date`) VALUES ('10', '盐城市', now());
INSERT INTO  `city` (`province_id`, `name`, `last_update_date`) VALUES ('10', '扬州市', now());
INSERT INTO  `city` (`province_id`, `name`, `last_update_date`) VALUES ('10', '镇江市', now());
INSERT INTO  `city` (`province_id`, `name`, `last_update_date`) VALUES ('10', '泰州市', now());
INSERT INTO  `city` (`province_id`, `name`, `last_update_date`) VALUES ('10', '宿迁市', now());
INSERT INTO  `city` (`province_id`, `name`, `last_update_date`) VALUES ('11', '杭州市', now());
INSERT INTO  `city` (`province_id`, `name`, `last_update_date`) VALUES ('11', '宁波市', now());
INSERT INTO  `city` (`province_id`, `name`, `last_update_date`) VALUES ('11', '温州市', now());
INSERT INTO  `city` (`province_id`, `name`, `last_update_date`) VALUES ('11', '嘉兴市', now());
INSERT INTO  `city` (`province_id`, `name`, `last_update_date`) VALUES ('11', '湖州市', now());
INSERT INTO  `city` (`province_id`, `name`, `last_update_date`) VALUES ('11', '绍兴市', now());
INSERT INTO  `city` (`province_id`, `name`, `last_update_date`) VALUES ('11', '金华市', now());
INSERT INTO  `city` (`province_id`, `name`, `last_update_date`) VALUES ('11', '衢州市', now());
INSERT INTO  `city` (`province_id`, `name`, `last_update_date`) VALUES ('11', '舟山市', now());
INSERT INTO  `city` (`province_id`, `name`, `last_update_date`) VALUES ('11', '台州市', now());
INSERT INTO  `city` (`province_id`, `name`, `last_update_date`) VALUES ('11', '丽水市', now());
INSERT INTO  `city` (`province_id`, `name`, `last_update_date`) VALUES ('12', '合肥市', now());
INSERT INTO  `city` (`province_id`, `name`, `last_update_date`) VALUES ('12', '芜湖市', now());
INSERT INTO  `city` (`province_id`, `name`, `last_update_date`) VALUES ('12', '蚌埠市', now());
INSERT INTO  `city` (`province_id`, `name`, `last_update_date`) VALUES ('12', '淮南市', now());
INSERT INTO  `city` (`province_id`, `name`, `last_update_date`) VALUES ('12', '马鞍山市', now());
INSERT INTO  `city` (`province_id`, `name`, `last_update_date`) VALUES ('12', '淮北市', now());
INSERT INTO  `city` (`province_id`, `name`, `last_update_date`) VALUES ('12', '铜陵市', now());
INSERT INTO  `city` (`province_id`, `name`, `last_update_date`) VALUES ('12', '安庆市', now());
INSERT INTO  `city` (`province_id`, `name`, `last_update_date`) VALUES ('12', '黄山市', now());
INSERT INTO  `city` (`province_id`, `name`, `last_update_date`) VALUES ('12', '滁州市', now());
INSERT INTO  `city` (`province_id`, `name`, `last_update_date`) VALUES ('12', '阜阳市', now());
INSERT INTO  `city` (`province_id`, `name`, `last_update_date`) VALUES ('12', '宿州市', now());
INSERT INTO  `city` (`province_id`, `name`, `last_update_date`) VALUES ('12', '巢湖市', now());
INSERT INTO  `city` (`province_id`, `name`, `last_update_date`) VALUES ('12', '六安市', now());
INSERT INTO  `city` (`province_id`, `name`, `last_update_date`) VALUES ('12', '亳州市', now());
INSERT INTO  `city` (`province_id`, `name`, `last_update_date`) VALUES ('12', '池州市', now());
INSERT INTO  `city` (`province_id`, `name`, `last_update_date`) VALUES ('12', '宣城市', now());
INSERT INTO  `city` (`province_id`, `name`, `last_update_date`) VALUES ('13', '福州市', now());
INSERT INTO  `city` (`province_id`, `name`, `last_update_date`) VALUES ('13', '厦门市', now());
INSERT INTO  `city` (`province_id`, `name`, `last_update_date`) VALUES ('13', '莆田市', now());
INSERT INTO  `city` (`province_id`, `name`, `last_update_date`) VALUES ('13', '三明市', now());
INSERT INTO  `city` (`province_id`, `name`, `last_update_date`) VALUES ('13', '泉州市', now());
INSERT INTO  `city` (`province_id`, `name`, `last_update_date`) VALUES ('13', '漳州市', now());
INSERT INTO  `city` (`province_id`, `name`, `last_update_date`) VALUES ('13', '南平市', now());
INSERT INTO  `city` (`province_id`, `name`, `last_update_date`) VALUES ('13', '龙岩市', now());
INSERT INTO  `city` (`province_id`, `name`, `last_update_date`) VALUES ('13', '宁德市', now());
INSERT INTO  `city` (`province_id`, `name`, `last_update_date`) VALUES ('14', '南昌市', now());
INSERT INTO  `city` (`province_id`, `name`, `last_update_date`) VALUES ('14', '景德镇市', now());
INSERT INTO  `city` (`province_id`, `name`, `last_update_date`) VALUES ('14', '萍乡市', now());
INSERT INTO  `city` (`province_id`, `name`, `last_update_date`) VALUES ('14', '九江市', now());
INSERT INTO  `city` (`province_id`, `name`, `last_update_date`) VALUES ('14', '新余市', now());
INSERT INTO  `city` (`province_id`, `name`, `last_update_date`) VALUES ('14', '鹰潭市', now());
INSERT INTO  `city` (`province_id`, `name`, `last_update_date`) VALUES ('14', '赣州市', now());
INSERT INTO  `city` (`province_id`, `name`, `last_update_date`) VALUES ('14', '吉安市', now());
INSERT INTO  `city` (`province_id`, `name`, `last_update_date`) VALUES ('14', '宜春市', now());
INSERT INTO  `city` (`province_id`, `name`, `last_update_date`) VALUES ('14', '抚州市', now());
INSERT INTO  `city` (`province_id`, `name`, `last_update_date`) VALUES ('14', '上饶市', now());
INSERT INTO  `city` (`province_id`, `name`, `last_update_date`) VALUES ('15', '济南市', now());
INSERT INTO  `city` (`province_id`, `name`, `last_update_date`) VALUES ('15', '青岛市', now());
INSERT INTO  `city` (`province_id`, `name`, `last_update_date`) VALUES ('15', '淄博市', now());
INSERT INTO  `city` (`province_id`, `name`, `last_update_date`) VALUES ('15', '枣庄市', now());
INSERT INTO  `city` (`province_id`, `name`, `last_update_date`) VALUES ('15', '东营市', now());
INSERT INTO  `city` (`province_id`, `name`, `last_update_date`) VALUES ('15', '烟台市', now());
INSERT INTO  `city` (`province_id`, `name`, `last_update_date`) VALUES ('15', '潍坊市', now());
INSERT INTO  `city` (`province_id`, `name`, `last_update_date`) VALUES ('15', '济宁市', now());
INSERT INTO  `city` (`province_id`, `name`, `last_update_date`) VALUES ('15', '泰安市', now());
INSERT INTO  `city` (`province_id`, `name`, `last_update_date`) VALUES ('15', '威海市', now());
INSERT INTO  `city` (`province_id`, `name`, `last_update_date`) VALUES ('15', '日照市', now());
INSERT INTO  `city` (`province_id`, `name`, `last_update_date`) VALUES ('15', '莱芜市', now());
INSERT INTO  `city` (`province_id`, `name`, `last_update_date`) VALUES ('15', '临沂市', now());
INSERT INTO  `city` (`province_id`, `name`, `last_update_date`) VALUES ('15', '德州市', now());
INSERT INTO  `city` (`province_id`, `name`, `last_update_date`) VALUES ('15', '聊城市', now());
INSERT INTO  `city` (`province_id`, `name`, `last_update_date`) VALUES ('15', '滨州市', now());
INSERT INTO  `city` (`province_id`, `name`, `last_update_date`) VALUES ('15', '荷泽市', now());
INSERT INTO  `city` (`province_id`, `name`, `last_update_date`) VALUES ('16', '郑州市', now());
INSERT INTO  `city` (`province_id`, `name`, `last_update_date`) VALUES ('16', '开封市', now());
INSERT INTO  `city` (`province_id`, `name`, `last_update_date`) VALUES ('16', '洛阳市', now());
INSERT INTO  `city` (`province_id`, `name`, `last_update_date`) VALUES ('16', '平顶山市', now());
INSERT INTO  `city` (`province_id`, `name`, `last_update_date`) VALUES ('16', '安阳市', now());
INSERT INTO  `city` (`province_id`, `name`, `last_update_date`) VALUES ('16', '鹤壁市', now());
INSERT INTO  `city` (`province_id`, `name`, `last_update_date`) VALUES ('16', '新乡市', now());
INSERT INTO  `city` (`province_id`, `name`, `last_update_date`) VALUES ('16', '焦作市', now());
INSERT INTO  `city` (`province_id`, `name`, `last_update_date`) VALUES ('16', '濮阳市', now());
INSERT INTO  `city` (`province_id`, `name`, `last_update_date`) VALUES ('16', '许昌市', now());
INSERT INTO  `city` (`province_id`, `name`, `last_update_date`) VALUES ('16', '漯河市', now());
INSERT INTO  `city` (`province_id`, `name`, `last_update_date`) VALUES ('16', '三门峡市', now());
INSERT INTO  `city` (`province_id`, `name`, `last_update_date`) VALUES ('16', '南阳市', now());
INSERT INTO  `city` (`province_id`, `name`, `last_update_date`) VALUES ('16', '商丘市', now());
INSERT INTO  `city` (`province_id`, `name`, `last_update_date`) VALUES ('16', '信阳市', now());
INSERT INTO  `city` (`province_id`, `name`, `last_update_date`) VALUES ('16', '周口市', now());
INSERT INTO  `city` (`province_id`, `name`, `last_update_date`) VALUES ('16', '驻马店市', now());
INSERT INTO  `city` (`province_id`, `name`, `last_update_date`) VALUES ('17', '武汉市', now());
INSERT INTO  `city` (`province_id`, `name`, `last_update_date`) VALUES ('17', '黄石市', now());
INSERT INTO  `city` (`province_id`, `name`, `last_update_date`) VALUES ('17', '十堰市', now());
INSERT INTO  `city` (`province_id`, `name`, `last_update_date`) VALUES ('17', '宜昌市', now());
INSERT INTO  `city` (`province_id`, `name`, `last_update_date`) VALUES ('17', '襄樊市', now());
INSERT INTO  `city` (`province_id`, `name`, `last_update_date`) VALUES ('17', '鄂州市', now());
INSERT INTO  `city` (`province_id`, `name`, `last_update_date`) VALUES ('17', '荆门市', now());
INSERT INTO  `city` (`province_id`, `name`, `last_update_date`) VALUES ('17', '孝感市', now());
INSERT INTO  `city` (`province_id`, `name`, `last_update_date`) VALUES ('17', '荆州市', now());
INSERT INTO  `city` (`province_id`, `name`, `last_update_date`) VALUES ('17', '黄冈市', now());
INSERT INTO  `city` (`province_id`, `name`, `last_update_date`) VALUES ('17', '咸宁市', now());
INSERT INTO  `city` (`province_id`, `name`, `last_update_date`) VALUES ('17', '随州市', now());
INSERT INTO  `city` (`province_id`, `name`, `last_update_date`) VALUES ('17', '恩施土家族苗族自治州', now());
INSERT INTO  `city` (`province_id`, `name`, `last_update_date`) VALUES ('18', '长沙市', now());
INSERT INTO  `city` (`province_id`, `name`, `last_update_date`) VALUES ('18', '株洲市', now());
INSERT INTO  `city` (`province_id`, `name`, `last_update_date`) VALUES ('18', '湘潭市', now());
INSERT INTO  `city` (`province_id`, `name`, `last_update_date`) VALUES ('18', '衡阳市', now());
INSERT INTO  `city` (`province_id`, `name`, `last_update_date`) VALUES ('18', '邵阳市', now());
INSERT INTO  `city` (`province_id`, `name`, `last_update_date`) VALUES ('18', '岳阳市', now());
INSERT INTO  `city` (`province_id`, `name`, `last_update_date`) VALUES ('18', '常德市', now());
INSERT INTO  `city` (`province_id`, `name`, `last_update_date`) VALUES ('18', '张家界市', now());
INSERT INTO  `city` (`province_id`, `name`, `last_update_date`) VALUES ('18', '益阳市', now());
INSERT INTO  `city` (`province_id`, `name`, `last_update_date`) VALUES ('18', '郴州市', now());
INSERT INTO  `city` (`province_id`, `name`, `last_update_date`) VALUES ('18', '永州市', now());
INSERT INTO  `city` (`province_id`, `name`, `last_update_date`) VALUES ('18', '怀化市', now());
INSERT INTO  `city` (`province_id`, `name`, `last_update_date`) VALUES ('18', '娄底市', now());
INSERT INTO  `city` (`province_id`, `name`, `last_update_date`) VALUES ('18', '湘西土家族苗族自治州', now());
INSERT INTO  `city` (`province_id`, `name`, `last_update_date`) VALUES ('19', '广州市', now());
INSERT INTO  `city` (`province_id`, `name`, `last_update_date`) VALUES ('19', '韶关市', now());
INSERT INTO  `city` (`province_id`, `name`, `last_update_date`) VALUES ('19', '深圳市', now());
INSERT INTO  `city` (`province_id`, `name`, `last_update_date`) VALUES ('19', '珠海市', now());
INSERT INTO  `city` (`province_id`, `name`, `last_update_date`) VALUES ('19', '汕头市', now());
INSERT INTO  `city` (`province_id`, `name`, `last_update_date`) VALUES ('19', '佛山市', now());
INSERT INTO  `city` (`province_id`, `name`, `last_update_date`) VALUES ('19', '江门市', now());
INSERT INTO  `city` (`province_id`, `name`, `last_update_date`) VALUES ('19', '湛江市', now());
INSERT INTO  `city` (`province_id`, `name`, `last_update_date`) VALUES ('19', '茂名市', now());
INSERT INTO  `city` (`province_id`, `name`, `last_update_date`) VALUES ('19', '肇庆市', now());
INSERT INTO  `city` (`province_id`, `name`, `last_update_date`) VALUES ('19', '惠州市', now());
INSERT INTO  `city` (`province_id`, `name`, `last_update_date`) VALUES ('19', '梅州市', now());
INSERT INTO  `city` (`province_id`, `name`, `last_update_date`) VALUES ('19', '汕尾市', now());
INSERT INTO  `city` (`province_id`, `name`, `last_update_date`) VALUES ('19', '河源市', now());
INSERT INTO  `city` (`province_id`, `name`, `last_update_date`) VALUES ('19', '阳江市', now());
INSERT INTO  `city` (`province_id`, `name`, `last_update_date`) VALUES ('19', '清远市', now());
INSERT INTO  `city` (`province_id`, `name`, `last_update_date`) VALUES ('19', '东莞市', now());
INSERT INTO  `city` (`province_id`, `name`, `last_update_date`) VALUES ('19', '中山市', now());
INSERT INTO  `city` (`province_id`, `name`, `last_update_date`) VALUES ('19', '潮州市', now());
INSERT INTO  `city` (`province_id`, `name`, `last_update_date`) VALUES ('19', '揭阳市', now());
INSERT INTO  `city` (`province_id`, `name`, `last_update_date`) VALUES ('19', '云浮市', now());
INSERT INTO  `city` (`province_id`, `name`, `last_update_date`) VALUES ('20', '南宁市', now());
INSERT INTO  `city` (`province_id`, `name`, `last_update_date`) VALUES ('20', '柳州市', now());
INSERT INTO  `city` (`province_id`, `name`, `last_update_date`) VALUES ('20', '桂林市', now());
INSERT INTO  `city` (`province_id`, `name`, `last_update_date`) VALUES ('20', '梧州市', now());
INSERT INTO  `city` (`province_id`, `name`, `last_update_date`) VALUES ('20', '北海市', now());
INSERT INTO  `city` (`province_id`, `name`, `last_update_date`) VALUES ('20', '防城港市', now());
INSERT INTO  `city` (`province_id`, `name`, `last_update_date`) VALUES ('20', '钦州市', now());
INSERT INTO  `city` (`province_id`, `name`, `last_update_date`) VALUES ('20', '贵港市', now());
INSERT INTO  `city` (`province_id`, `name`, `last_update_date`) VALUES ('20', '玉林市', now());
INSERT INTO  `city` (`province_id`, `name`, `last_update_date`) VALUES ('20', '百色市', now());
INSERT INTO  `city` (`province_id`, `name`, `last_update_date`) VALUES ('20', '贺州市', now());
INSERT INTO  `city` (`province_id`, `name`, `last_update_date`) VALUES ('20', '河池市', now());
INSERT INTO  `city` (`province_id`, `name`, `last_update_date`) VALUES ('20', '来宾市', now());
INSERT INTO  `city` (`province_id`, `name`, `last_update_date`) VALUES ('20', '崇左市', now());
INSERT INTO  `city` (`province_id`, `name`, `last_update_date`) VALUES ('21', '海口市', now());
INSERT INTO  `city` (`province_id`, `name`, `last_update_date`) VALUES ('21', '三亚市', now());
INSERT INTO  `city` (`province_id`, `name`, `last_update_date`) VALUES ('22', '重庆市辖区', now());
INSERT INTO  `city` (`province_id`, `name`, `last_update_date`) VALUES ('23', '成都市', now());
INSERT INTO  `city` (`province_id`, `name`, `last_update_date`) VALUES ('23', '自贡市', now());
INSERT INTO  `city` (`province_id`, `name`, `last_update_date`) VALUES ('23', '攀枝花市', now());
INSERT INTO  `city` (`province_id`, `name`, `last_update_date`) VALUES ('23', '泸州市', now());
INSERT INTO  `city` (`province_id`, `name`, `last_update_date`) VALUES ('23', '德阳市', now());
INSERT INTO  `city` (`province_id`, `name`, `last_update_date`) VALUES ('23', '绵阳市', now());
INSERT INTO  `city` (`province_id`, `name`, `last_update_date`) VALUES ('23', '广元市', now());
INSERT INTO  `city` (`province_id`, `name`, `last_update_date`) VALUES ('23', '遂宁市', now());
INSERT INTO  `city` (`province_id`, `name`, `last_update_date`) VALUES ('23', '内江市', now());
INSERT INTO  `city` (`province_id`, `name`, `last_update_date`) VALUES ('23', '乐山市', now());
INSERT INTO  `city` (`province_id`, `name`, `last_update_date`) VALUES ('23', '南充市', now());
INSERT INTO  `city` (`province_id`, `name`, `last_update_date`) VALUES ('23', '眉山市', now());
INSERT INTO  `city` (`province_id`, `name`, `last_update_date`) VALUES ('23', '宜宾市', now());
INSERT INTO  `city` (`province_id`, `name`, `last_update_date`) VALUES ('23', '广安市', now());
INSERT INTO  `city` (`province_id`, `name`, `last_update_date`) VALUES ('23', '达州市', now());
INSERT INTO  `city` (`province_id`, `name`, `last_update_date`) VALUES ('23', '雅安市', now());
INSERT INTO  `city` (`province_id`, `name`, `last_update_date`) VALUES ('23', '巴中市', now());
INSERT INTO  `city` (`province_id`, `name`, `last_update_date`) VALUES ('23', '资阳市', now());
INSERT INTO  `city` (`province_id`, `name`, `last_update_date`) VALUES ('23', '阿坝藏族羌族自治州', now());
INSERT INTO  `city` (`province_id`, `name`, `last_update_date`) VALUES ('23', '甘孜藏族自治州', now());
INSERT INTO  `city` (`province_id`, `name`, `last_update_date`) VALUES ('23', '凉山彝族自治州', now());
INSERT INTO  `city` (`province_id`, `name`, `last_update_date`) VALUES ('24', '贵阳市', now());
INSERT INTO  `city` (`province_id`, `name`, `last_update_date`) VALUES ('24', '六盘水市', now());
INSERT INTO  `city` (`province_id`, `name`, `last_update_date`) VALUES ('24', '遵义市', now());
INSERT INTO  `city` (`province_id`, `name`, `last_update_date`) VALUES ('24', '安顺市', now());
INSERT INTO  `city` (`province_id`, `name`, `last_update_date`) VALUES ('24', '铜仁地区', now());
INSERT INTO  `city` (`province_id`, `name`, `last_update_date`) VALUES ('24', '黔西南布依族苗族自治州', now());
INSERT INTO  `city` (`province_id`, `name`, `last_update_date`) VALUES ('24', '毕节地区', now());
INSERT INTO  `city` (`province_id`, `name`, `last_update_date`) VALUES ('24', '黔东南苗族侗族自治州', now());
INSERT INTO  `city` (`province_id`, `name`, `last_update_date`) VALUES ('24', '黔南布依族苗族自治州', now());
INSERT INTO  `city` (`province_id`, `name`, `last_update_date`) VALUES ('25', '昆明市', now());
INSERT INTO  `city` (`province_id`, `name`, `last_update_date`) VALUES ('25', '曲靖市', now());
INSERT INTO  `city` (`province_id`, `name`, `last_update_date`) VALUES ('25', '玉溪市', now());
INSERT INTO  `city` (`province_id`, `name`, `last_update_date`) VALUES ('25', '保山市', now());
INSERT INTO  `city` (`province_id`, `name`, `last_update_date`) VALUES ('25', '昭通市', now());
INSERT INTO  `city` (`province_id`, `name`, `last_update_date`) VALUES ('25', '丽江市', now());
INSERT INTO  `city` (`province_id`, `name`, `last_update_date`) VALUES ('25', '思茅市', now());
INSERT INTO  `city` (`province_id`, `name`, `last_update_date`) VALUES ('25', '临沧市', now());
INSERT INTO  `city` (`province_id`, `name`, `last_update_date`) VALUES ('25', '楚雄彝族自治州', now());
INSERT INTO  `city` (`province_id`, `name`, `last_update_date`) VALUES ('25', '红河哈尼族彝族自治州', now());
INSERT INTO  `city` (`province_id`, `name`, `last_update_date`) VALUES ('25', '文山壮族苗族自治州', now());
INSERT INTO  `city` (`province_id`, `name`, `last_update_date`) VALUES ('25', '西双版纳傣族自治州', now());
INSERT INTO  `city` (`province_id`, `name`, `last_update_date`) VALUES ('25', '大理白族自治州', now());
INSERT INTO  `city` (`province_id`, `name`, `last_update_date`) VALUES ('25', '德宏傣族景颇族自治州', now());
INSERT INTO  `city` (`province_id`, `name`, `last_update_date`) VALUES ('25', '怒江傈僳族自治州', now());
INSERT INTO  `city` (`province_id`, `name`, `last_update_date`) VALUES ('25', '迪庆藏族自治州', now());
INSERT INTO  `city` (`province_id`, `name`, `last_update_date`) VALUES ('26', '拉萨市', now());
INSERT INTO  `city` (`province_id`, `name`, `last_update_date`) VALUES ('26', '昌都地区', now());
INSERT INTO  `city` (`province_id`, `name`, `last_update_date`) VALUES ('26', '山南地区', now());
INSERT INTO  `city` (`province_id`, `name`, `last_update_date`) VALUES ('26', '日喀则地区', now());
INSERT INTO  `city` (`province_id`, `name`, `last_update_date`) VALUES ('26', '那曲地区', now());
INSERT INTO  `city` (`province_id`, `name`, `last_update_date`) VALUES ('26', '阿里地区', now());
INSERT INTO  `city` (`province_id`, `name`, `last_update_date`) VALUES ('26', '林芝地区', now());
INSERT INTO  `city` (`province_id`, `name`, `last_update_date`) VALUES ('27', '西安市', now());
INSERT INTO  `city` (`province_id`, `name`, `last_update_date`) VALUES ('27', '铜川市', now());
INSERT INTO  `city` (`province_id`, `name`, `last_update_date`) VALUES ('27', '宝鸡市', now());
INSERT INTO  `city` (`province_id`, `name`, `last_update_date`) VALUES ('27', '咸阳市', now());
INSERT INTO  `city` (`province_id`, `name`, `last_update_date`) VALUES ('27', '渭南市', now());
INSERT INTO  `city` (`province_id`, `name`, `last_update_date`) VALUES ('27', '延安市', now());
INSERT INTO  `city` (`province_id`, `name`, `last_update_date`) VALUES ('27', '汉中市', now());
INSERT INTO  `city` (`province_id`, `name`, `last_update_date`) VALUES ('27', '榆林市', now());
INSERT INTO  `city` (`province_id`, `name`, `last_update_date`) VALUES ('27', '安康市', now());
INSERT INTO  `city` (`province_id`, `name`, `last_update_date`) VALUES ('27', '商洛市', now());
INSERT INTO  `city` (`province_id`, `name`, `last_update_date`) VALUES ('28', '兰州市', now());
INSERT INTO  `city` (`province_id`, `name`, `last_update_date`) VALUES ('28', '嘉峪关市', now());
INSERT INTO  `city` (`province_id`, `name`, `last_update_date`) VALUES ('28', '金昌市', now());
INSERT INTO  `city` (`province_id`, `name`, `last_update_date`) VALUES ('28', '白银市', now());
INSERT INTO  `city` (`province_id`, `name`, `last_update_date`) VALUES ('28', '天水市', now());
INSERT INTO  `city` (`province_id`, `name`, `last_update_date`) VALUES ('28', '武威市', now());
INSERT INTO  `city` (`province_id`, `name`, `last_update_date`) VALUES ('28', '张掖市', now());
INSERT INTO  `city` (`province_id`, `name`, `last_update_date`) VALUES ('28', '平凉市', now());
INSERT INTO  `city` (`province_id`, `name`, `last_update_date`) VALUES ('28', '酒泉市', now());
INSERT INTO  `city` (`province_id`, `name`, `last_update_date`) VALUES ('28', '庆阳市', now());
INSERT INTO  `city` (`province_id`, `name`, `last_update_date`) VALUES ('28', '定西市', now());
INSERT INTO  `city` (`province_id`, `name`, `last_update_date`) VALUES ('28', '陇南市', now());
INSERT INTO  `city` (`province_id`, `name`, `last_update_date`) VALUES ('28', '临夏回族自治州', now());
INSERT INTO  `city` (`province_id`, `name`, `last_update_date`) VALUES ('28', '甘南藏族自治州', now());
INSERT INTO  `city` (`province_id`, `name`, `last_update_date`) VALUES ('29', '西宁市', now());
INSERT INTO  `city` (`province_id`, `name`, `last_update_date`) VALUES ('29', '海东地区', now());
INSERT INTO  `city` (`province_id`, `name`, `last_update_date`) VALUES ('29', '海北藏族自治州', now());
INSERT INTO  `city` (`province_id`, `name`, `last_update_date`) VALUES ('29', '黄南藏族自治州', now());
INSERT INTO  `city` (`province_id`, `name`, `last_update_date`) VALUES ('29', '海南藏族自治州', now());
INSERT INTO  `city` (`province_id`, `name`, `last_update_date`) VALUES ('29', '果洛藏族自治州', now());
INSERT INTO  `city` (`province_id`, `name`, `last_update_date`) VALUES ('29', '玉树藏族自治州', now());
INSERT INTO  `city` (`province_id`, `name`, `last_update_date`) VALUES ('29', '海西蒙古族藏族自治州', now());
INSERT INTO  `city` (`province_id`, `name`, `last_update_date`) VALUES ('30', '银川市', now());
INSERT INTO  `city` (`province_id`, `name`, `last_update_date`) VALUES ('30', '石嘴山市', now());
INSERT INTO  `city` (`province_id`, `name`, `last_update_date`) VALUES ('30', '吴忠市', now());
INSERT INTO  `city` (`province_id`, `name`, `last_update_date`) VALUES ('30', '固原市', now());
INSERT INTO  `city` (`province_id`, `name`, `last_update_date`) VALUES ('30', '中卫市', now());
INSERT INTO  `city` (`province_id`, `name`, `last_update_date`) VALUES ('31', '乌鲁木齐市', now());
INSERT INTO  `city` (`province_id`, `name`, `last_update_date`) VALUES ('31', '克拉玛依市', now());
INSERT INTO  `city` (`province_id`, `name`, `last_update_date`) VALUES ('31', '吐鲁番地区', now());
INSERT INTO  `city` (`province_id`, `name`, `last_update_date`) VALUES ('31', '哈密地区', now());
INSERT INTO  `city` (`province_id`, `name`, `last_update_date`) VALUES ('31', '昌吉回族自治州', now());
INSERT INTO  `city` (`province_id`, `name`, `last_update_date`) VALUES ('31', '博尔塔拉蒙古自治州', now());
INSERT INTO  `city` (`province_id`, `name`, `last_update_date`) VALUES ('31', '巴音郭楞蒙古自治州', now());
INSERT INTO  `city` (`province_id`, `name`, `last_update_date`) VALUES ('31', '阿克苏地区', now());
INSERT INTO  `city` (`province_id`, `name`, `last_update_date`) VALUES ('31', '克孜勒苏柯尔克孜自治州', now());
INSERT INTO  `city` (`province_id`, `name`, `last_update_date`) VALUES ('31', '喀什地区', now());
INSERT INTO  `city` (`province_id`, `name`, `last_update_date`) VALUES ('31', '和田地区', now());
INSERT INTO  `city` (`province_id`, `name`, `last_update_date`) VALUES ('31', '伊犁哈萨克自治州', now());
INSERT INTO  `city` (`province_id`, `name`, `last_update_date`) VALUES ('31', '塔城地区', now());
INSERT INTO  `city` (`province_id`, `name`, `last_update_date`) VALUES ('31', '阿勒泰地区', now());
INSERT INTO  `city` (`province_id`, `name`, `last_update_date`) VALUES ('32', '台湾省', now());
INSERT INTO  `city` (`province_id`, `name`, `last_update_date`) VALUES ('33', '香港特别行政区', now());
INSERT INTO  `city` (`province_id`, `name`, `last_update_date`) VALUES ('34', '澳门特别行政区', now());

#role
INSERT INTO `role`(`id`,`role`,`description`,`available`,`last_update_date`) VALUES(1,'admin','admin', 1, now());
INSERT INTO `role`(`id`,`role`,`description`,`available`,`last_update_date`) VALUES(2,'teacher','admin',1,now());
INSERT INTO `role`(`id`,`role`,`description`,`available`,`last_update_date`) VALUES(3,'parent','admin',1,now());
INSERT INTO `role`(`id`,`role`,`description`,`available`,`last_update_date`) VALUES(4,'student','admin',1,now());

#admin
INSERT INTO profile(id, name, phone, password, last_update_date, salt) values(1, 'admin', 'admin', 'a66abb5684c45962d887564f08346e8d', '2015-05-16', 'admin');
INSERT INTO `profile_role_map`(`id`,`profile_id`,`role_id`,`available`,`creation_date`,`last_update_date`)VALUES(1,1,1,1,now(),now());

